Plum pudding,Pudding description,3
Apple pie,Apple pie description,5
Christmas crumble,Crumble description,4
brandade,poisson emietté,7
brandade,poisson emietté,5
gateau,bon,1
tarte,aux pommes,4
La carotte," La carotte est l' un des légumes les plus communs et les plus consommés . Il est sujet à de nombreux dictons et proverbes, on l'appelle même encore pa",0
Gâteau aux carottes,"Ingrédients : oeuf, farine, beurre, levure chimique, cerneau de noix, cannelle, carotte, sucre. Préchauffer le four à thermostat 5 (150°C). Fouetter le",5
Carottes à la carbonara,"Ingrédients : poivre, oeuf, crême fraîche, oignon, lardons fumés, sel, carotte. Eplucher les carottes et les couper en rondelles. Découper les oignons ",5
Carottes vichy,"Ingrédients : beurre, carotte, bouillon, sucre. Eplucher (gratter) les carottes et couper-les en petites rondelles. Dans une casserole, préparer un bou",5
Flan de carottes,"Ingrédients : poivre, oeuf, fécule de pomme de terre, Fromages, persil, sel, carotte, gruyère râpé. 1) faire cuire les carottes à l'eau bouillante salé",5
Tartinade aux carottes,Ingrédients : - 900 g de carottes origine France - 100 g de fromage à tartiner nature Carrefour - 1 pain de campagne Carrefour - 140 g de foie gras de ,0
La carotte et ses fanes !," par Manoue (blog ""Les Gamelles d'Emmanuelle"") La carotte pousse sur notre Terre depuis plus de deux mille ans ! De sauvage et indomptable, elle es tde",0
Boeuf braisé aux carottes,"Ingrédients : paleron, matière grasse, poivre, concentré de tomate, oignon, ail, lard, sel, carotte, bouillon de boeuf, laurier. Couper la viande en mo",5
Velouté de carottes au cumin,"Ingrédients : cumin, pomme de terre, oignon, crème liquide, beurre, curry, eau, sel, carotte. Emincez l'oignon. Faites fondre le beurre dans une cocott",5
Velouté de Potiron et Carottes,"Ingrédients : muscade, poivre, potiron, lait, pomme de terre, bouillon de volaille, oignon, huile d'olive, crème liquide, ail, persil, sel, carotte. Ép",5
Soupe veloutée à la carotte,"Ingrédients : poireau, bouillon de volaille, oignon, huile d'olive, crème liquide, cumin en poudre, eau, ail, persil, carotte. Éplucher les carottes et",5
Cupcakes à la carotte,"Ingrédients : - 2 carottes Origine & Qualité Carrefour - 2 œufs Origine & Qualité Carrefour - 400 g... les carottes. Mélanger la farine, la cassonade, ",0
Sans eux les oeufs !," Avoir une alimentation équilibrée et diversifiée lorsque l'on est allergique à l'oeuf ? C'est possible ! La preuve, avec cette sélection de recettes, ",0
Oeufs," par Anaïk (blog ""Le confit, c'est pas gras"") Comment bluffer vos invités à moindres frais ? Avec des œufs bien sûr et un peu d'imagination... ...",0
Oeufs et herbes : mille possibilités," Apprécié du plus grand nombre et rapide à préparer, l’œuf occupe une place de choix dans notre alimentation. Les herbes permettent d’agrémenter chaque",0
Pâques," Pâques n'est pas qu'une fête religieuse ou un long week-end, c'est aussi l'occasion de chercher les oeufs dans le jardin. Et si on n'a pas de jardin ?",0
Oeufs....,"Ingrédients : oeuf, crème fraîche allégée. Faire cuire les oeufs mollets (plonger doucement dans l'eau bouillante, laisser 5 mn), les écailler rapideme",4
Œufs cocotte aux cèpes,Ingrédients : - 4 œufs Filière Qualité Carrefour - 100 g de cèpes surgelés - 20 cl de crème fraîche fluide à 30% de matière grasse Carrefour - 2 oignon,0
Oeuf de Pâques," Il est incontournable, il est en chocolat... ou pas, il sera parmi vous à Pâques, c'est l'oeuf de Pâques. Vite, à vos oeufs ! ...",0
Chasse à l'oeuf," Petite confidence entre nous : les cloches sont déjà passées sur Marmiton, apportant avec elles 10 beaux œufs de Pâques... ...",0
Gaufres sans oeuf !,Une recette originale et surtout exquise ! Retrouve la recette sur Marmiton :   Abonne-toi à notre chaîne ici   N'en rate pas une miette : sur Google +,0
Recettes de crêpes sans oeufs, Vous avez une folle envie de faire des crêpes mais vous n'avez pas d'oeufs ? Vous êtes allergiques aux oeufs mais pas aux crêpes ? Testez les crêpes s,0
"Pâques : la poule, l'œuf ou le lapin ?"," Qui de la poule ou l'oeuf fut le premier ? Un nouvel élément vient épaissir ce mystère : le lapin, qui s'amuse à apporter des oeufs lui aussi. On dira",0
Pancakes aux œufs brouillés et jambon,"Ingrédients : Pour les pancakes : - 8 œufs frais Filière Qualité Carrefour - 25 cl de lait..., mélanger la farine, le sucre et la levure. Dans un autre",0
Le chou-fleur," Avec ses fleurettes blanches et nuageuses qui n'écloront jamais, le chou-fleur renferme une richesse nutritionnelle et culinaire encore trop peu connu",0
Chou campagnard,"Ingrédients : crème, chou, lardons. Mettez de l'eau à chauffer dans une cocotte minute ou une grande casserole. Saler l'eau avec du gros sel. Pendant q",5
Velouté de chou- fleur,"Ingrédients : poivre, crême fraîche, origan, pomme de terre, chou-fleur, beurre, eau, sel, bouillon. Détailler le chou-fleur. Mettre dans une casserole",5
Gratin de chou-fleur léger,"Ingrédients : muscade, poivre, crème, chou-fleur, farine, bouillon de volaille, beurre, eau, sel, fromage râpé. Nettoyer le chou-fleur et le couper en ",5
Chou-fleur gratiné au jambon,"Ingrédients : crême fraîche, chou-fleur, jambon, gruyère râpé. Couper le chou-fleur en morceaux et faire cuire à l'eau bouillante 20 min. Pendant ce te",5
Gratin de chou-fleur au saumon,Ingrédients : - 500 g de chou-fleur en fleurettes surgelées Carrefour - 2 pavés de saumon surgelés Carrefour - 50 cl de lait écrémé de Montagne Carrefo,0
Pintade au chou,"Ingrédients : huile de tournesol, oignon, cube de bouillon, beurre, lardons fumés, chou, pintade, vin blanc, carotte. Faire revenir l'oignon émincé dan",5
Saumon au chou facile,"Ingrédients : échalote, bière, huile, saumon, beurre, crème fraîche liquide, lardons fumés, chou. Préchauffez le four à 180°C (thermostat 6). Coupez le",5
Chou braisé,"Ingrédients : poivre, bouquet garni, oignon, lard, chou, sel, couenne, carotte. Débarrasser le chou de ses vilaines feuilles. Le laver. Le couper en qu",5
Quiche au chou,"Ingrédients : cumin, poivre, oeuf, emmental, poireau, crème liquide, beurre, chou, pâte brisée, sel, lardons. Couper le chou en lanières et les plonger",5
Terrine au chou,"Ingrédients : poivre, échalote, oeuf, pain, poitrine fumée, chair à saucisse, chou, Fines herbes, sel. Laver le chou et le faire blanchir 15 mn dans de",5
Coleslaw de chou rouge,Ingrédients : - 1/4 de chou rouge - 2 carottes fraîchement récoltées Carrefour - 1 branche de céleri - 125 g de yaourt nature Carrefour - 125 g de mayo,0
Boeuf de Noël," Le boeuf à Noël, on y pense pas assez souvent... pourtant, c'est une rudement bonne idée ! ...",0
Boeuf Bourguignon rapide,"Ingrédients : poivre, vin rouge, champignon de Paris, farine, bouquet garni, oignon, beurre, ail, boeuf, sel, lardons. Dans une cocotte minute, faire r",5
Boeuf bourguignon,"Ingrédients : poivre, vin rouge, bourguignon, bouquet garni, oignon, beurre, sel, carotte. Détailler la viande en cubes de 3 cm de côté, enlever les gr",5
Mardi gras," Fête mi-religieuse mi-païenne, Mardi-Gras est l'occasion de se déguiser, se défouler, fêter la fin de l'hiver qui s'approche. Mais c'est aussi l'occas",0
Pas à pas : ficeler une côte de boeuf," Philippe, artisan boucher, nous explique pas à pas comment réaliser une succulente panouffe : une côte de boeuf ficelée. ...",0
Empanadas au bœuf,Ingrédients : - 500 g de viande hachée pur bœuf à 15% de matière grasse Carrefour - 5 tomates... - 110 g de beurre doux d'Isigny Reflets de France - 2 ,0
Boeuf braisé aux carottes,"Ingrédients : paleron, matière grasse, poivre, concentré de tomate, oignon, ail, lard, sel, carotte, bouillon de boeuf, laurier. Couper la viande en mo",5
Boeuf bourguignon débutant,"Ingrédients : poivre, vin rouge, champignon de Paris, farine, bouquet garni, oignon, beurre, eau, ail, boeuf, sel, carotte, lardons. Dans une cocotte-m",5
Rôti de boeuf à l'oignon caramélisé,"Ingrédients : huile de noix, poivre, thym, lait, roti de boeuf, oignon, beurre, ail, sucre. Sortir le rôti du réfrigérateur 30 minutes avant la prépara",5
rognon de boeuf,"Ingrédients : moutarde, poivre, madère, rognons, farine, champignon, beurre, persil, sel, bouillon de boeuf. Faire sauter les champignons 7 mn à feu vi",5
Samoussa rapide au boeuf,"Ingrédients : sauce soja, gingembre, boeuf haché, oeuf, huile de friture, oignon, huile d'olive, curry, brick, ail, carotte. Dans une poêle à feu vif, ",5
Rôti de bœuf,Ingrédients : - 1 rôti de bœuf - 25 g de beurre doux d'Isigny Reflets de France - 5 cuillères à soupe de lait demi-écrémé stérilisé UHT Carrefour L'épi,0
